"","alt.row","score","rank"
"1",1,0.308398577505835,4
"2",2,0.742026870559341,1
"3",3,0.500328968878607,3
"4",4,0.53453069737042,2
"5",5,0.260236730202816,5
