"","alt.row","score","rank"
"1",1,0.290791359375741,4
"2",2,0.800458540311927,1
"3",3,0.44087362854708,3
"4",4,0.609900200464175,2
"5",5,0.202319527619677,5
